{"cameraMode":{"drawMode":0,"name":"Shaded","section":"Shading Mode"},"sceneLighting":true,"audioPlay":false,"sceneViewState":{"showFog":true,"showMaterialUpdate":false,"showSkybox":true,"showFlares":true,"showImageEffects":true,"showParticleSystems":true},"in2DMode":false,"pivot":{"x":-2.298382043838501,"y":-0.7320384979248047,"z":-6.522196292877197},"rotation":{"x":-0.015971845015883447,"y":0.9793525338172913,"z":-0.08572468161582947,"w":-0.1824631541967392},"size":7.4646100997924809,"orthographic":false}